dz,jg,name
https://ccc-x.jd.com/dsp/nc?ext=aHR0cHM6Ly9pdGVtLmpkLmNvbS8yNzA0MzA4MTE0NS5odG1s&log=mGiAyNsbfEtjXvJ-krsKa74u8sTpfIFHvuzp1UDlZU02JLeamr89bNGPYKLkb7QL_vqdtAE232UgVzvPJMmZaneu2D63lKYyvcvNQEBRdtcOPqIdkg1Cl8EMf-_thjD7kE0e3v_QlLnLY567hKKrUDUav6dzSX2MR5D5c6bOmcLMrP5--BEbqGjnsi1Trer4XBipbgD71QyreLLC6BVVL5Zsj_jPSoVgvfFWlc7JHbTxPjBv0J6hImibxkfP8uEGyXt5eWeNb-qh_le_5dQDVau1EiTqRS5c0W35kd1NCTmmkkKKJS_ND5M2JXfMNJhjCjBuEsFneyc0UgUkjt6rpE6CNiXE8cdTxjJy03K3xwIJnWGLg4XoQlJTx_1PfpCy3XhKga3OdNZ6OYGLZ9hDlSzuhOxPH4negdEb76Squu1LFSuEptUsnmfnKWuWOOzj&v=404,2000.00,尚品宅配 卧房
//item.jd.com/25691173896.html,1290.00,雅行 床皮床真皮床1.8米双人床婚床可定制高箱储物床1.5米榻榻米皮艺软床 真皮床 单床（颜色可留言） 1.5米 x 2.0米（无抽屉普通款）
//item.jd.com/30206157257.html,500.00,索菲亚成套
//item.jd.com/31583397729.html,200.00,曲美家居衣柜
//item.jd.com/10624251674.html,11800.00,熙和（SHYHO）实木床美式双人床婚床简约卧室
//item.jd.com/12478317980.html,600.00,簡儀 简约现代板式衣柜整体两门推拉门移门衣橱
//item.jd.com/1416818339.html,799.00,【1件7折】慕尼思丹加固豪华可定制灰色3cm厚度排骨架床板可选15-25cm脚 1800*2000
//item.jd.com/28999167971.html,799.00,索菲亚 大衣柜 现代简约  木质两门 衣柜 全屋可定制卧室柜收纳整体衣橱
https://ccc-x.jd.com/dsp/nc?ext=aHR0cHM6Ly9pdGVtLmpkLmNvbS8xMTEzOTk1MTg3MS5odG1s&log=mGiAyNsbfEtjXvJ-krsKa74u8sTpfIFHvuzp1UDlZU2-w0J4gqHi7D2oQGc9T1JEDT-ImjeQtYhXnW0VPQux0d7Fl161qZRCJf-bU3gIA6JOP_esVP2eNujVELovFM6R9nuNuaw14yo0regdBDA9jY0_vASqiVn6eOBjVTtLXmiPcxpUtBTdk29o29xxS4vhaopkL5jtMUY61FBqZxpAD1kp_7hMnxo6uuuJHqrGtodfOzGdHi4brfQDPuEr2Bq0LsRdHSz21Ocp5akCUZKURazQSdY1GtOx5EJlPXnrQoH3K-zKtHqeRQg6tgMdEFUGAS-n4sgcfyxSwfnoqiOTfyGjm_dTkWvnjEDjezvBP9g-6vcGnHpCuySS0f7bYoKS-2hqf04nBRn9ftOQ8ZiIv8FNuKqFg2zke7F0cMPByM1uVTIU259rR1mNXRg0FP-7gxRR8tXxQv3JoEHgk0gdWQ&v=404,2000.00,尚品宅配 榻榻米床
//item.jd.com/31577431177.html,200.00,曲美家居衣柜
//item.jd.com/11431845823.html,9500.00,熙和（SHYHO） 熙和
//item.jd.com/17967027951.html,600.00,尚仁 现代板式衣柜整体两门推拉门实木质移门衣橱
//item.jd.com/12609362069.html,1250.00,艾郎仕 简约现代大衣橱2门推拉门移门趟门
//item.jd.com/11393850539.html,1000.00,欧派
//item.jd.com/29743982925.html,1120.00,【拼购9折】栩苏尔 衣柜现代简约 推拉门衣柜整体 移门衣柜 组合 木质衣柜
//item.jd.com/10948756430.html,2000.00,尚品宅配 衣柜榻榻米床
https://ccc-x.jd.com/dsp/nc?ext=aHR0cHM6Ly9pdGVtLmpkLmNvbS8yODY1ODY0OTE5Ni5odG1s&log=mGiAyNsbfEtjXvJ-krsKa74u8sTpfIFHvuzp1UDlZU22_-Ll-mWQbkibJUZF70272iqVVYZr2Zvh5EqnFW5fEJujkxXmF-Q1-IssLBIHhtzI3OYjTrYMMXmXTaAsda92dIt-bIWbB1Gqgs-i4oKjPbaGgDZFUpvusTm7byABnFe7hpCglsNfvnVbHs2uD3yCkYRL_UOBTLkYe05o5GxWuudTJGzmHy_-4tSjLB-4H8DVqYoluQxFU25EuZPCHK0dD7vM40eG3pRS6CznfGJpvAH-2Aqs4b1kMgoT5YfNef2LtxFsYloGs6yt9GaBGgoqVLUlk1FbIEe4UmQat02yZzcI65YbczpyCOzzwCRzbxuO8nO0YLbW2rEZkzHFAsWjNYVIzkLYdZf9l2dIw6YNpwoiMR2TXJOoTcjEqk6l2P2WzVq1TDoo4xEVXLkkPauHZmZPcHCK-N3VM_2BEH9cqw&v=404,1000.00,尚品宅配 整体衣柜
//item.jd.com/11393543765.html,11800.00,欧派全屋
//item.jd.com/11324448344.html,2000.00,玛格全屋
//item.jd.com/30490302584.html,1280.00,【京东好店】尚触 实木床1.8米1.5米现代简约松木软包软靠婚床储物床可定制卧室
//item.jd.com/33175353439.html,2299.00,风之意 床 实木床现代中式床1.5米1.8米双人床高箱储物床大床婚床卧室
//item.jd.com/10555290276.html,1999.00,柏优（BAI YOU） 
//item.jd.com/27531752181.html,1000.00,尚品宅配 
//item.jd.com/19583924809.html,1000.00,欧派整体衣柜
https://ccc-x.jd.com/dsp/nc?ext=aHR0cHM6Ly9pdGVtLmpkLmNvbS8xNTIyNzI5NjI3OC5odG1s&log=mGiAyNsbfEtjXvJ-krsKa74u8sTpfIFHvuzp1UDlZU0HDHGF_WgTCj4P3oMF6iKFHKxq_7G8laKBGh612v062PHKOPQCokSCDTzqwKDq4xXP7xbLGH0O-bTdqads7I8NKMekVQiFNtAAaWdy6WswcXnfRe_MziyrlT2NMvtOluGY-5T-JS4O4ryr6YYjtadUK8gfFUmnd6CfkhDlnKuneIaoLlD2ksHT-6bSai7_RtcMfIgVn77P10bPCLr-eOHBOeHFpyMF18j8fKe1381VqmtZN476ib0GNOnog8TBT7AS4IXlYgO05--vjEwc1iIoiig-Fp7JR-AI8dOV_EgpP9M8Ybvsw3agi-v1TOEfzHQ68dTeKjXAga8eZQI3x6t0z3jl2yYJeZ6CeSDQQxfrs-COaELKU5iGdRp4sJx-uqeZoEo24P8e6lBmBD91ZBgtVHY7OKQ7BVOT9RTe4MbCcA&v=404,2000.00,尚品宅配
//item.jd.com/33778586752.html,555.00,特朗森 衣柜简约现代实木质大衣柜 推拉门移门上门安装组合
//item.jd.com/24136111947.html,999.00,维意
//item.jd.com/10808909070.html,2899.00,百得胜paterson
//item.jd.com/10818037593.html,999.00,北欧童话 床 日式床实木床双人床大床木床单人床婚床卧室
//item.jd.com/30281706938.html,599.00,尚品宅配 衣柜
